utm_source,utm_medium,utm_campaign,utm_adcontent,utm_keyword,device_category,device_os,device_brand,device_model,device_screen_resolution,device_browser,geo_country,geo_city
72606,ZpYIoDJMcFzVoPFsHGJL,banner,LEoPHuyFvzoNfnzGgfcd,vCIpmpaGBnIQhyYNkXqp,puhZPIYqKXeFPaUviSjo,mobile,Android,(not set),AuMdmADEIoPXiWpTsBEj,384x854,YaBrowser,Russia,Moscow
1255111,ZpYIoDJMcFzVoPFsHGJL,banner,LEoPHuyFvzoNfnzGgfcd,vCIpmpaGBnIQhyYNkXqp,puhZPIYqKXeFPaUviSjo,mobile,Android,(not set),AuMdmADEIoPXiWpTsBEj,384x854,Chrome,Russia,Irkutsk
1774178,MvfHsxITijuriZxsqZqt,cpm,FTjNLDyTrXaWYgZymFkV,xhoenQgDQsgfEPYNPwKO,TzXEvSoFiirteePaCzeY,mobile,Android,Nokia,qAQjHpYoRUxgMseGGEfL,412x892,Chrome,Russia,Saint Petersburg
668485,kjsLglQLzykiRbcDiGcD,cpc,UjApcvnaHtkydRkrLYuv,JNHcPlZPxEMWDnRiyoBf,puhZPIYqKXeFPaUviSjo,mobile,Android,Nokia,jXFxTkHxuiBKWOvUtsIa,412x915,Chrome,Russia,Moscow
1020070,ZpYIoDJMcFzVoPFsHGJL,banner,zxoiLxhuSIFrCeTLQVWZ,JNHcPlZPxEMWDnRiyoBf,puhZPIYqKXeFPaUviSjo,mobile,Android,(not set),AuMdmADEIoPXiWpTsBEj,385x854,Chrome,Russia,Sochi
1647577,ZpYIoDJMcFzVoPFsHGJL,banner,zxoiLxhuSIFrCeTLQVWZ,JNHcPlZPxEMWDnRiyoBf,puhZPIYqKXeFPaUviSjo,mobile,Android,(not set),AuMdmADEIoPXiWpTsBEj,360x800,Chrome,Russia,Kostroma
1681592,MvfHsxITijuriZxsqZqt,cpm,FTjNLDyTrXaWYgZymFkV,xhoenQgDQsgfEPYNPwKO,pHqgLcdBQPSLcrTpLkdr,mobile,Android,Vivo,HYwfQOXoovXynCsiUCVd,360x760,Chrome,Russia,Moscow
1678271,fDLlAcSmythWSCVMvqvL,(none),LTuZkdKfxRGVceoWkVyg,JNHcPlZPxEMWDnRiyoBf,puhZPIYqKXeFPaUviSjo,mobile,Android,Meizu,ciZAODXEPQGDKvuEabGr,360x720,Chrome,Russia,Moscow
1580772,ZpYIoDJMcFzVoPFsHGJL,banner,zxoiLxhuSIFrCeTLQVWZ,JNHcPlZPxEMWDnRiyoBf,puhZPIYqKXeFPaUviSjo,mobile,Android,(not set),AuMdmADEIoPXiWpTsBEj,320x640,YaBrowser,Russia,Moscow
542141,ZpYIoDJMcFzVoPFsHGJL,banner,LEoPHuyFvzoNfnzGgfcd,vCIpmpaGBnIQhyYNkXqp,puhZPIYqKXeFPaUviSjo,mobile,Android,Vivo,cwMJxNXiWUgMUxGiCTPs,360x760,Chrome,Russia,Samara
414107,ZpYIoDJMcFzVoPFsHGJL,banner,LEoPHuyFvzoNfnzGgfcd,vCIpmpaGBnIQhyYNkXqp,puhZPIYqKXeFPaUviSjo,mobile,Android,Vivo,pcvPxfVFaAmhwFmvIeYd,360x780,Chrome,Russia,Sarov
121280,MvfHsxITijuriZxsqZqt,cpm,FTjNLDyTrXaWYgZymFkV,xhoenQgDQsgfEPYNPwKO,YQXPpoLsxnykCWKhGEmI,mobile,Android,(not set),AuMdmADEIoPXiWpTsBEj,360x800,YaBrowser,Russia,Saint Petersburg
1075836,ZpYIoDJMcFzVoPFsHGJL,banner,LEoPHuyFvzoNfnzGgfcd,vCIpmpaGBnIQhyYNkXqp,puhZPIYqKXeFPaUviSjo,mobile,Android,(not set),AuMdmADEIoPXiWpTsBEj,360x640,Chrome,Russia,Chelyabinsk
631168,ZpYIoDJMcFzVoPFsHGJL,banner,LEoPHuyFvzoNfnzGgfcd,vCIpmpaGBnIQhyYNkXqp,puhZPIYqKXeFPaUviSjo,mobile,Android,(not set),AuMdmADEIoPXiWpTsBEj,339x716,Chrome,Russia,Tula
1137544,ZpYIoDJMcFzVoPFsHGJL,banner,LEoPHuyFvzoNfnzGgfcd,vCIpmpaGBnIQhyYNkXqp,puhZPIYqKXeFPaUviSjo,mobile,Android,(not set),AuMdmADEIoPXiWpTsBEj,385x854,Chrome,Russia,Ufa
1519868,MvfHsxITijuriZxsqZqt,cpm,FTjNLDyTrXaWYgZymFkV,xhoenQgDQsgfEPYNPwKO,BKeImrJuRDZcHiSSTdzm,mobile,Android,(not set),AuMdmADEIoPXiWpTsBEj,360x800,YaBrowser,Russia,(not set)
1506067,ZpYIoDJMcFzVoPFsHGJL,banner,gecBYcKZCPMcVYdSSzKP,JNHcPlZPxEMWDnRiyoBf,puhZPIYqKXeFPaUviSjo,mobile,Android,Vivo,wsPZygnUifLMgkSEnWLj,360x760,Chrome,Russia,Grozny
1632697,ZpYIoDJMcFzVoPFsHGJL,banner,SgIUDYUKnyWHVowUOqid,JNHcPlZPxEMWDnRiyoBf,puhZPIYqKXeFPaUviSjo,mobile,Android,Nokia,aCLaTVQlHcXbUnQYQvIg,412x892,Chrome,Russia,Moscow
154802,vFcAhRxLfOWKhvxjELkx,organic,okTXSMadDkjvntEHzIjp,LLfCasrxQzJIyuldcuWy,aXQzDWsJuGXeBXexNHjc,mobile,Android,(not set),AuMdmADEIoPXiWpTsBEj,393x873,YaBrowser,Russia,Saint Petersburg
1857714,fDLlAcSmythWSCVMvqvL,(none),LTuZkdKfxRGVceoWkVyg,JNHcPlZPxEMWDnRiyoBf,puhZPIYqKXeFPaUviSjo,mobile,Android,Nokia,jXFxTkHxuiBKWOvUtsIa,377x837,Chrome,Russia,Norilsk
869162,MvfHsxITijuriZxsqZqt,cpm,FTjNLDyTrXaWYgZymFkV,xhoenQgDQsgfEPYNPwKO,RrhnkuoaqckNtJpAZDzH,mobile,Android,(not set),AuMdmADEIoPXiWpTsBEj,320x570,Chrome,Russia,Saint Petersburg
498151,MvfHsxITijuriZxsqZqt,cpm,FTjNLDyTrXaWYgZymFkV,xhoenQgDQsgfEPYNPwKO,LrQqvDikGXFrFbLPeKVN,mobile,Android,(not set),AuMdmADEIoPXiWpTsBEj,320x640,Chrome,Russia,Moscow
697048,ZpYIoDJMcFzVoPFsHGJL,banner,zxoiLxhuSIFrCeTLQVWZ,JNHcPlZPxEMWDnRiyoBf,puhZPIYqKXeFPaUviSjo,mobile,Android,(not set),AuMdmADEIoPXiWpTsBEj,360x800,Chrome,Russia,Chelyabinsk
1114093,kjsLglQLzykiRbcDiGcD,cpc,XHNUiSKKGTEpSAlaVMFQ,JNHcPlZPxEMWDnRiyoBf,TTdDpTIUjOpzCSWKLaVY,mobile,Android,OnePlus,AshpvdJdReafUzEMmWGr,384x804,Chrome,Russia,Moscow
1092425,ZpYIoDJMcFzVoPFsHGJL,banner,LEoPHuyFvzoNfnzGgfcd,vCIpmpaGBnIQhyYNkXqp,puhZPIYqKXeFPaUviSjo,mobile,Android,Nokia,phrsMxwuvNvYsPYNbKkL,377x670,Chrome,Russia,Barnaul
1492029,ZpYIoDJMcFzVoPFsHGJL,banner,LEoPHuyFvzoNfnzGgfcd,vCIpmpaGBnIQhyYNkXqp,puhZPIYqKXeFPaUviSjo,mobile,Android,(not set),AuMdmADEIoPXiWpTsBEj,360x792,Chrome,Russia,Ufa
1852008,ZpYIoDJMcFzVoPFsHGJL,banner,SgIUDYUKnyWHVowUOqid,JNHcPlZPxEMWDnRiyoBf,puhZPIYqKXeFPaUviSjo,mobile,Android,(not set),AuMdmADEIoPXiWpTsBEj,384x854,Chrome,Russia,Moscow
1148997,ZpYIoDJMcFzVoPFsHGJL,banner,TmThBvoCcwkCZZUWACYq,JNHcPlZPxEMWDnRiyoBf,puhZPIYqKXeFPaUviSjo,mobile,Android,(not set),AuMdmADEIoPXiWpTsBEj,412x823,YaBrowser,Russia,Moscow
898072,kjsLglQLzykiRbcDiGcD,cpc,WlbWUObZWvsimzdFdLYw,JNHcPlZPxEMWDnRiyoBf,puhZPIYqKXeFPaUviSjo,mobile,Android,(not set),AuMdmADEIoPXiWpTsBEj,534x854,YaBrowser,Russia,(not set)
413747,iNFgfQPqHPBuvGCYtrQE,cpc,HtyIDWOBgqXsGucSiffW,JNHcPlZPxEMWDnRiyoBf,puhZPIYqKXeFPaUviSjo,mobile,Android,(not set),AuMdmADEIoPXiWpTsBEj,360x820,Chrome,Russia,Saint Petersburg
1186901,ZpYIoDJMcFzVoPFsHGJL,banner,LEoPHuyFvzoNfnzGgfcd,JNHcPlZPxEMWDnRiyoBf,puhZPIYqKXeFPaUviSjo,mobile,Android,(not set),AuMdmADEIoPXiWpTsBEj,393x873,Chrome,Russia,Kiselyovsk
1586592,ZpYIoDJMcFzVoPFsHGJL,banner,LEoPHuyFvzoNfnzGgfcd,vCIpmpaGBnIQhyYNkXqp,puhZPIYqKXeFPaUviSjo,mobile,Android,(not set),AuMdmADEIoPXiWpTsBEj,360x800,Chrome,Russia,Kazan
1455093,ZpYIoDJMcFzVoPFsHGJL,banner,LEoPHuyFvzoNfnzGgfcd,vCIpmpaGBnIQhyYNkXqp,puhZPIYqKXeFPaUviSjo,mobile,Android,(not set),AuMdmADEIoPXiWpTsBEj,732x458,Chrome,Russia,Penza
62,ZpYIoDJMcFzVoPFsHGJL,banner,gecBYcKZCPMcVYdSSzKP,JNHcPlZPxEMWDnRiyoBf,puhZPIYqKXeFPaUviSjo,mobile,Android,Meizu,qBRdfuuhOnnqwSqNiPOv,360x744,Chrome,Russia,Moscow
209260,ZpYIoDJMcFzVoPFsHGJL,banner,LEoPHuyFvzoNfnzGgfcd,vCIpmpaGBnIQhyYNkXqp,puhZPIYqKXeFPaUviSjo,mobile,Android,Nokia,mzJXHtJPIOSHoHtgezIA,412x732,Chrome,Russia,Krasnodar
1222762,MvfHsxITijuriZxsqZqt,cpm,FTjNLDyTrXaWYgZymFkV,xhoenQgDQsgfEPYNPwKO,fzbotReoFzSuckjwcpCs,mobile,Android,(not set),AuMdmADEIoPXiWpTsBEj,851x393,Chrome,Russia,Moscow
1142117,ZpYIoDJMcFzVoPFsHGJL,banner,LEoPHuyFvzoNfnzGgfcd,vCIpmpaGBnIQhyYNkXqp,puhZPIYqKXeFPaUviSjo,mobile,Android,Vivo,pTgAEPipQxDXCjPrJbHo,360x780,Chrome,Russia,Samara
158109,ZpYIoDJMcFzVoPFsHGJL,banner,LEoPHuyFvzoNfnzGgfcd,vCIpmpaGBnIQhyYNkXqp,puhZPIYqKXeFPaUviSjo,mobile,Android,(not set),AuMdmADEIoPXiWpTsBEj,360x780,Chrome,Russia,Novosibirsk
126855,kjsLglQLzykiRbcDiGcD,cpc,jvsVVQVKRfBIqBDBuCkq,JNHcPlZPxEMWDnRiyoBf,hAmNSZmQkKQKAjZEGlgb,mobile,Android,Meizu,qBRdfuuhOnnqwSqNiPOv,360x720,Chrome,Russia,Saint Petersburg
818527,ZpYIoDJMcFzVoPFsHGJL,banner,gecBYcKZCPMcVYdSSzKP,JNHcPlZPxEMWDnRiyoBf,puhZPIYqKXeFPaUviSjo,mobile,Android,(not set),AuMdmADEIoPXiWpTsBEj,360x800,Chrome,Russia,Samara
371346,MvfHsxITijuriZxsqZqt,cpm,FTjNLDyTrXaWYgZymFkV,xhoenQgDQsgfEPYNPwKO,IGUCNvHlhfHpROGclCit,mobile,Android,(not set),AuMdmADEIoPXiWpTsBEj,360x780,YaBrowser,Russia,Saint Petersburg
1249144,ZpYIoDJMcFzVoPFsHGJL,banner,LEoPHuyFvzoNfnzGgfcd,vCIpmpaGBnIQhyYNkXqp,puhZPIYqKXeFPaUviSjo,mobile,Android,Vivo,tWBQlsvNfHxRUjaPAfhd,360x772,Chrome,Russia,Krasnodar
1125365,MvfHsxITijuriZxsqZqt,cpm,FTjNLDyTrXaWYgZymFkV,xhoenQgDQsgfEPYNPwKO,TzXEvSoFiirteePaCzeY,mobile,Android,Vivo,FJApgTrMAGHoxCxQVKws,360x772,Chrome,Russia,Moscow
372970,eLzNJHzPelJpEyBwMrKo,cpm,FTjNLDyTrXaWYgZymFkV,AdeErYgVTbRcAWtHrMHq,pucKZkLDtpMDBTobJAJG,mobile,Android,Vivo,cwMJxNXiWUgMUxGiCTPs,360x760,Android Webview,Russia,Tula
566730,ZpYIoDJMcFzVoPFsHGJL,banner,LEoPHuyFvzoNfnzGgfcd,vCIpmpaGBnIQhyYNkXqp,puhZPIYqKXeFPaUviSjo,mobile,Android,Nokia,ZkRlaMsFhSBPslXBtfiG,412x869,Chrome,Russia,Saratov
1576152,bByPQxmDaMXgpHeypKSM,referral,LTuZkdKfxRGVceoWkVyg,JNHcPlZPxEMWDnRiyoBf,UKNBOHebRIIsQRsjNKay,mobile,Android,Nokia,aCLaTVQlHcXbUnQYQvIg,412x892,Chrome,Russia,Saint Petersburg
1826675,fDLlAcSmythWSCVMvqvL,(none),LTuZkdKfxRGVceoWkVyg,JNHcPlZPxEMWDnRiyoBf,puhZPIYqKXeFPaUviSjo,mobile,Android,Nokia,ZkRlaMsFhSBPslXBtfiG,412x869,Chrome,Russia,Moscow
1069776,MvfHsxITijuriZxsqZqt,cpm,FTjNLDyTrXaWYgZymFkV,xhoenQgDQsgfEPYNPwKO,YQXPpoLsxnykCWKhGEmI,mobile,Android,(not set),AuMdmADEIoPXiWpTsBEj,320x534,Chrome,Russia,(not set)
468216,ZpYIoDJMcFzVoPFsHGJL,banner,LEoPHuyFvzoNfnzGgfcd,vCIpmpaGBnIQhyYNkXqp,puhZPIYqKXeFPaUviSjo,mobile,Android,Nokia,FTAuYVNoYYxgvKMpKSLW,360x760,YaBrowser,Russia,Kazan
1583281,ZpYIoDJMcFzVoPFsHGJL,banner,gecBYcKZCPMcVYdSSzKP,JNHcPlZPxEMWDnRiyoBf,puhZPIYqKXeFPaUviSjo,mobile,Android,Vivo,FJApgTrMAGHoxCxQVKws,360x772,Chrome,Russia,Moscow
1571251,ZpYIoDJMcFzVoPFsHGJL,banner,LEoPHuyFvzoNfnzGgfcd,vCIpmpaGBnIQhyYNkXqp,puhZPIYqKXeFPaUviSjo,mobile,Android,(not set),AuMdmADEIoPXiWpTsBEj,393x873,Chrome,Russia,Vidnoye
52775,jaSOmLICuBzCFqHfBdRg,email,bxOTvPtyGSdUrbwoXCPO,JNHcPlZPxEMWDnRiyoBf,puhZPIYqKXeFPaUviSjo,mobile,Android,(not set),AuMdmADEIoPXiWpTsBEj,432x960,Chrome,Russia,Vidnoye
754114,ZpYIoDJMcFzVoPFsHGJL,banner,LEoPHuyFvzoNfnzGgfcd,vCIpmpaGBnIQhyYNkXqp,puhZPIYqKXeFPaUviSjo,mobile,Android,(not set),AuMdmADEIoPXiWpTsBEj,360x800,Chrome,Russia,Yaroslavl
576291,MvfHsxITijuriZxsqZqt,cpm,FTjNLDyTrXaWYgZymFkV,xhoenQgDQsgfEPYNPwKO,DBLWVjTjVZuzWYWTaDfZ,mobile,Android,(not set),AuMdmADEIoPXiWpTsBEj,393x873,Chrome,Russia,Dubna
55516,RmEBuqrriAfAVsLQQmhk,cpc,KgicpPxiEQfzPlPwQZJq,JNHcPlZPxEMWDnRiyoBf,puhZPIYqKXeFPaUviSjo,mobile,Android,(not set),AuMdmADEIoPXiWpTsBEj,393x873,Chrome,Israel,Tel Aviv-Yafo
472656,bByPQxmDaMXgpHeypKSM,referral,LTuZkdKfxRGVceoWkVyg,JNHcPlZPxEMWDnRiyoBf,puhZPIYqKXeFPaUviSjo,mobile,Android,Vivo,cwMJxNXiWUgMUxGiCTPs,360x760,Android Webview,Russia,Syktyvkar
162189,MvfHsxITijuriZxsqZqt,cpm,FTjNLDyTrXaWYgZymFkV,xhoenQgDQsgfEPYNPwKO,RkpOyeEPgcMBSDuHLQcj,mobile,Android,(not set),AuMdmADEIoPXiWpTsBEj,720x360,Chrome,Russia,Moscow
1016391,ZpYIoDJMcFzVoPFsHGJL,banner,zxoiLxhuSIFrCeTLQVWZ,JNHcPlZPxEMWDnRiyoBf,puhZPIYqKXeFPaUviSjo,mobile,Android,(not set),AuMdmADEIoPXiWpTsBEj,384x854,Chrome,Russia,Krasnodar
105092,MvfHsxITijuriZxsqZqt,cpm,FTjNLDyTrXaWYgZymFkV,xhoenQgDQsgfEPYNPwKO,RkpOyeEPgcMBSDuHLQcj,mobile,Android,Vivo,FJApgTrMAGHoxCxQVKws,360x772,Chrome,Russia,Moscow
611047,ZpYIoDJMcFzVoPFsHGJL,banner,LEoPHuyFvzoNfnzGgfcd,vCIpmpaGBnIQhyYNkXqp,puhZPIYqKXeFPaUviSjo,mobile,Android,(not set),AuMdmADEIoPXiWpTsBEj,360x800,Chrome,Russia,Voronezh
1209750,vFcAhRxLfOWKhvxjELkx,organic,okTXSMadDkjvntEHzIjp,LLfCasrxQzJIyuldcuWy,aXQzDWsJuGXeBXexNHjc,mobile,Android,(not set),AuMdmADEIoPXiWpTsBEj,320x570,YaBrowser,Russia,Tikhvin
437405,ZpYIoDJMcFzVoPFsHGJL,banner,LEoPHuyFvzoNfnzGgfcd,vCIpmpaGBnIQhyYNkXqp,puhZPIYqKXeFPaUviSjo,mobile,Android,(not set),AuMdmADEIoPXiWpTsBEj,360x780,Chrome,Russia,Nizhny Novgorod
1609453,ZpYIoDJMcFzVoPFsHGJL,banner,LEoPHuyFvzoNfnzGgfcd,vCIpmpaGBnIQhyYNkXqp,puhZPIYqKXeFPaUviSjo,mobile,Android,Vivo,pcvPxfVFaAmhwFmvIeYd,360x780,Chrome,Russia,Irkutsk
1718692,ZpYIoDJMcFzVoPFsHGJL,banner,LEoPHuyFvzoNfnzGgfcd,vCIpmpaGBnIQhyYNkXqp,puhZPIYqKXeFPaUviSjo,mobile,Android,(not set),AuMdmADEIoPXiWpTsBEj,320x694,Chrome,Russia,Moscow
65495,ZpYIoDJMcFzVoPFsHGJL,banner,LEoPHuyFvzoNfnzGgfcd,vCIpmpaGBnIQhyYNkXqp,puhZPIYqKXeFPaUviSjo,mobile,Android,(not set),AuMdmADEIoPXiWpTsBEj,412x915,YaBrowser,Russia,Saint Petersburg
1794355,ZpYIoDJMcFzVoPFsHGJL,banner,LEoPHuyFvzoNfnzGgfcd,vCIpmpaGBnIQhyYNkXqp,puhZPIYqKXeFPaUviSjo,mobile,Android,Vivo,tfPZFRbtlzEssBEesRwM,360x780,Chrome,Russia,Tula
512352,MvfHsxITijuriZxsqZqt,cpm,FTjNLDyTrXaWYgZymFkV,xhoenQgDQsgfEPYNPwKO,pHqgLcdBQPSLcrTpLkdr,mobile,Android,Nokia,QIRMJBHwssjlXzlheRfO,320x570,YaBrowser,Russia,Moscow
1562967,MvfHsxITijuriZxsqZqt,cpm,FTjNLDyTrXaWYgZymFkV,xhoenQgDQsgfEPYNPwKO,RrhnkuoaqckNtJpAZDzH,mobile,Android,(not set),AuMdmADEIoPXiWpTsBEj,851x393,Chrome,Russia,Saint Petersburg
875738,ZpYIoDJMcFzVoPFsHGJL,banner,LEoPHuyFvzoNfnzGgfcd,vCIpmpaGBnIQhyYNkXqp,puhZPIYqKXeFPaUviSjo,mobile,Android,(not set),AuMdmADEIoPXiWpTsBEj,393x873,Chrome,Russia,Kaliningrad
1123842,MvfHsxITijuriZxsqZqt,cpm,FTjNLDyTrXaWYgZymFkV,xhoenQgDQsgfEPYNPwKO,pHqgLcdBQPSLcrTpLkdr,mobile,Android,Vivo,pcvPxfVFaAmhwFmvIeYd,360x780,Chrome,Russia,Moscow
535294,ZpYIoDJMcFzVoPFsHGJL,banner,LEoPHuyFvzoNfnzGgfcd,vCIpmpaGBnIQhyYNkXqp,puhZPIYqKXeFPaUviSjo,mobile,Android,(not set),AuMdmADEIoPXiWpTsBEj,320x569,Chrome,Russia,Moscow
1264947,ZpYIoDJMcFzVoPFsHGJL,banner,LEoPHuyFvzoNfnzGgfcd,vCIpmpaGBnIQhyYNkXqp,puhZPIYqKXeFPaUviSjo,mobile,Android,(not set),AuMdmADEIoPXiWpTsBEj,360x820,Chrome,Russia,Moscow
1171540,MvfHsxITijuriZxsqZqt,cpm,FTjNLDyTrXaWYgZymFkV,xhoenQgDQsgfEPYNPwKO,pHqgLcdBQPSLcrTpLkdr,mobile,Android,(not set),AuMdmADEIoPXiWpTsBEj,360x780,YaBrowser,Russia,Moscow
1000328,MvfHsxITijuriZxsqZqt,cpm,FTjNLDyTrXaWYgZymFkV,xhoenQgDQsgfEPYNPwKO,YQXPpoLsxnykCWKhGEmI,mobile,Android,Vivo,HYwfQOXoovXynCsiUCVd,360x760,Chrome,Russia,Moscow
721185,ZpYIoDJMcFzVoPFsHGJL,banner,LEoPHuyFvzoNfnzGgfcd,vCIpmpaGBnIQhyYNkXqp,puhZPIYqKXeFPaUviSjo,mobile,Android,Nokia,CwplVZElsIzdKfSTHwma,412x823,Chrome,Russia,Ryazan
1442318,ZpYIoDJMcFzVoPFsHGJL,banner,LEoPHuyFvzoNfnzGgfcd,vCIpmpaGBnIQhyYNkXqp,puhZPIYqKXeFPaUviSjo,mobile,Android,Vivo,cwMJxNXiWUgMUxGiCTPs,360x760,Chrome,Russia,Moscow
935882,ZpYIoDJMcFzVoPFsHGJL,banner,SgIUDYUKnyWHVowUOqid,JNHcPlZPxEMWDnRiyoBf,puhZPIYqKXeFPaUviSjo,mobile,Android,Vivo,pTgAEPipQxDXCjPrJbHo,360x780,Chrome,Russia,Moscow
659089,ZpYIoDJMcFzVoPFsHGJL,banner,gecBYcKZCPMcVYdSSzKP,JNHcPlZPxEMWDnRiyoBf,puhZPIYqKXeFPaUviSjo,mobile,Android,(not set),AuMdmADEIoPXiWpTsBEj,360x800,Chrome,Russia,Yekaterinburg
645543,MvfHsxITijuriZxsqZqt,cpm,FTjNLDyTrXaWYgZymFkV,xhoenQgDQsgfEPYNPwKO,YQXPpoLsxnykCWKhGEmI,mobile,Android,Meizu,wpMKhptHblpEnLMZvGir,640x360,Chrome,Russia,Tikhvin
1716395,MvfHsxITijuriZxsqZqt,cpm,FTjNLDyTrXaWYgZymFkV,xhoenQgDQsgfEPYNPwKO,MWLEpQPyjGkjHseVyeyQ,mobile,Android,Vivo,cwMJxNXiWUgMUxGiCTPs,360x760,YaBrowser,Russia,Stupino
994601,kjsLglQLzykiRbcDiGcD,cpc,XHNUiSKKGTEpSAlaVMFQ,JNHcPlZPxEMWDnRiyoBf,hAmNSZmQkKQKAjZEGlgb,mobile,Android,(not set),AuMdmADEIoPXiWpTsBEj,360x760,Firefox,Russia,Moscow
1185460,MvfHsxITijuriZxsqZqt,cpm,FTjNLDyTrXaWYgZymFkV,xhoenQgDQsgfEPYNPwKO,pHqgLcdBQPSLcrTpLkdr,mobile,Android,Vivo,cwMJxNXiWUgMUxGiCTPs,360x760,Chrome,Russia,Saint Petersburg
1597616,ZpYIoDJMcFzVoPFsHGJL,banner,LEoPHuyFvzoNfnzGgfcd,vCIpmpaGBnIQhyYNkXqp,puhZPIYqKXeFPaUviSjo,mobile,Android,Vivo,kjULrCjbRVbJtOfWpmQI,360x760,Chrome,Russia,Chelyabinsk
1026994,ZpYIoDJMcFzVoPFsHGJL,banner,LEoPHuyFvzoNfnzGgfcd,vCIpmpaGBnIQhyYNkXqp,puhZPIYqKXeFPaUviSjo,mobile,Android,(not set),AuMdmADEIoPXiWpTsBEj,360x720,Chrome,Russia,Samara
942772,ZpYIoDJMcFzVoPFsHGJL,banner,LEoPHuyFvzoNfnzGgfcd,vCIpmpaGBnIQhyYNkXqp,puhZPIYqKXeFPaUviSjo,mobile,Android,Motorola,zFCiMWkbbAhTflrlLWnz,388x861,Chrome,Russia,Cherepovets
1509287,ZpYIoDJMcFzVoPFsHGJL,banner,gecBYcKZCPMcVYdSSzKP,JNHcPlZPxEMWDnRiyoBf,puhZPIYqKXeFPaUviSjo,mobile,Android,Nokia,QIRMJBHwssjlXzlheRfO,320x570,Chrome,Russia,Ivanovo
833197,MvfHsxITijuriZxsqZqt,cpm,FTjNLDyTrXaWYgZymFkV,xhoenQgDQsgfEPYNPwKO,DBLWVjTjVZuzWYWTaDfZ,mobile,Android,(not set),AuMdmADEIoPXiWpTsBEj,820x360,Chrome,Russia,Moscow
929009,MvfHsxITijuriZxsqZqt,cpm,FTjNLDyTrXaWYgZymFkV,xhoenQgDQsgfEPYNPwKO,DBHgBJHOdbPwsRDUbEgX,mobile,Android,Nokia,ZkRlaMsFhSBPslXBtfiG,412x869,Chrome,Russia,Odintsovo
1038187,ZpYIoDJMcFzVoPFsHGJL,banner,LEoPHuyFvzoNfnzGgfcd,vCIpmpaGBnIQhyYNkXqp,puhZPIYqKXeFPaUviSjo,mobile,Android,(not set),AuMdmADEIoPXiWpTsBEj,393x873,Chrome,Russia,Vyshny Volochyok
585758,vFcAhRxLfOWKhvxjELkx,organic,okTXSMadDkjvntEHzIjp,LLfCasrxQzJIyuldcuWy,aXQzDWsJuGXeBXexNHjc,mobile,Android,(not set),AuMdmADEIoPXiWpTsBEj,1280x800,Chrome,Russia,(not set)
834272,ZpYIoDJMcFzVoPFsHGJL,banner,LEoPHuyFvzoNfnzGgfcd,JNHcPlZPxEMWDnRiyoBf,puhZPIYqKXeFPaUviSjo,mobile,Android,Nokia,jXFxTkHxuiBKWOvUtsIa,412x915,Chrome,Russia,Moscow
1188770,ZpYIoDJMcFzVoPFsHGJL,banner,LEoPHuyFvzoNfnzGgfcd,vCIpmpaGBnIQhyYNkXqp,puhZPIYqKXeFPaUviSjo,mobile,Android,(not set),AuMdmADEIoPXiWpTsBEj,360x800,Chrome,Russia,Yakutsk
1358655,MvfHsxITijuriZxsqZqt,cpm,FTjNLDyTrXaWYgZymFkV,xhoenQgDQsgfEPYNPwKO,pHqgLcdBQPSLcrTpLkdr,mobile,Android,Vivo,JAIKWwxRffFOXQcfGTVi,360x772,Chrome,Russia,Saint Petersburg
1427523,ZpYIoDJMcFzVoPFsHGJL,banner,LEoPHuyFvzoNfnzGgfcd,JNHcPlZPxEMWDnRiyoBf,puhZPIYqKXeFPaUviSjo,mobile,Android,(not set),AuMdmADEIoPXiWpTsBEj,361x642,Chrome,Russia,Vladivostok
1553998,ZpYIoDJMcFzVoPFsHGJL,banner,LEoPHuyFvzoNfnzGgfcd,vCIpmpaGBnIQhyYNkXqp,puhZPIYqKXeFPaUviSjo,mobile,Android,(not set),AuMdmADEIoPXiWpTsBEj,384x854,Chrome,Russia,Ryazan
693017,ZpYIoDJMcFzVoPFsHGJL,banner,LEoPHuyFvzoNfnzGgfcd,vCIpmpaGBnIQhyYNkXqp,puhZPIYqKXeFPaUviSjo,mobile,Android,(not set),AuMdmADEIoPXiWpTsBEj,360x720,Chrome,Russia,Surgut
745432,fDLlAcSmythWSCVMvqvL,(none),LTuZkdKfxRGVceoWkVyg,JNHcPlZPxEMWDnRiyoBf,puhZPIYqKXeFPaUviSjo,mobile,Android,(not set),AuMdmADEIoPXiWpTsBEj,320x676,YaBrowser,Russia,Moscow
163787,ZpYIoDJMcFzVoPFsHGJL,banner,LEoPHuyFvzoNfnzGgfcd,vCIpmpaGBnIQhyYNkXqp,puhZPIYqKXeFPaUviSjo,mobile,Android,(not set),AuMdmADEIoPXiWpTsBEj,384x854,Samsung Internet,Russia,Moscow
1791222,MvfHsxITijuriZxsqZqt,cpm,FTjNLDyTrXaWYgZymFkV,xhoenQgDQsgfEPYNPwKO,RrhnkuoaqckNtJpAZDzH,mobile,Android,Vivo,pcvPxfVFaAmhwFmvIeYd,360x780,Chrome,Russia,Moscow
351891,MvfHsxITijuriZxsqZqt,cpm,FTjNLDyTrXaWYgZymFkV,xhoenQgDQsgfEPYNPwKO,pHqgLcdBQPSLcrTpLkdr,mobile,Android,(not set),AuMdmADEIoPXiWpTsBEj,384x854,Samsung Internet,Russia,Moscow
1398284,bByPQxmDaMXgpHeypKSM,referral,LTuZkdKfxRGVceoWkVyg,JNHcPlZPxEMWDnRiyoBf,puhZPIYqKXeFPaUviSjo,mobile,Android,Meizu,ciZAODXEPQGDKvuEabGr,360x720,Chrome,Russia,Vologda
1544631,ZpYIoDJMcFzVoPFsHGJL,banner,LEoPHuyFvzoNfnzGgfcd,vCIpmpaGBnIQhyYNkXqp,puhZPIYqKXeFPaUviSjo,mobile,Android,(not set),AuMdmADEIoPXiWpTsBEj,360x820,Chrome,Russia,Yekaterinburg
476651,ZpYIoDJMcFzVoPFsHGJL,banner,zxoiLxhuSIFrCeTLQVWZ,JNHcPlZPxEMWDnRiyoBf,puhZPIYqKXeFPaUviSjo,mobile,Android,(not set),AuMdmADEIoPXiWpTsBEj,424x918,Chrome,Russia,Moscow
84860,ZpYIoDJMcFzVoPFsHGJL,banner,LEoPHuyFvzoNfnzGgfcd,vCIpmpaGBnIQhyYNkXqp,puhZPIYqKXeFPaUviSjo,mobile,Android,(not set),AuMdmADEIoPXiWpTsBEj,360x760,Chrome,Russia,Saratov
1789005,ZpYIoDJMcFzVoPFsHGJL,banner,LEoPHuyFvzoNfnzGgfcd,JNHcPlZPxEMWDnRiyoBf,puhZPIYqKXeFPaUviSjo,mobile,Android,(not set),AuMdmADEIoPXiWpTsBEj,412x732,Chrome,Russia,Moscow
1206483,ZpYIoDJMcFzVoPFsHGJL,banner,LEoPHuyFvzoNfnzGgfcd,vCIpmpaGBnIQhyYNkXqp,puhZPIYqKXeFPaUviSjo,mobile,Android,(not set),AuMdmADEIoPXiWpTsBEj,360x780,Chrome,Russia,Tver
430152,ZpYIoDJMcFzVoPFsHGJL,banner,zxoiLxhuSIFrCeTLQVWZ,JNHcPlZPxEMWDnRiyoBf,puhZPIYqKXeFPaUviSjo,mobile,Android,(not set),AuMdmADEIoPXiWpTsBEj,350x622,Chrome,Russia,Moscow
334210,kjsLglQLzykiRbcDiGcD,organic,LTuZkdKfxRGVceoWkVyg,JNHcPlZPxEMWDnRiyoBf,UKNBOHebRIIsQRsjNKay,mobile,Android,(not set),AuMdmADEIoPXiWpTsBEj,360x640,Firefox,Russia,Saint Petersburg
177295,ZpYIoDJMcFzVoPFsHGJL,banner,LEoPHuyFvzoNfnzGgfcd,vCIpmpaGBnIQhyYNkXqp,puhZPIYqKXeFPaUviSjo,mobile,Android,Vivo,FJApgTrMAGHoxCxQVKws,360x772,Chrome,Russia,Krasnodar
1812016,ZpYIoDJMcFzVoPFsHGJL,banner,gecBYcKZCPMcVYdSSzKP,JNHcPlZPxEMWDnRiyoBf,puhZPIYqKXeFPaUviSjo,mobile,Android,Nokia,aCLaTVQlHcXbUnQYQvIg,412x892,Chrome,Russia,Voronezh
1381768,ZpYIoDJMcFzVoPFsHGJL,banner,gecBYcKZCPMcVYdSSzKP,JNHcPlZPxEMWDnRiyoBf,puhZPIYqKXeFPaUviSjo,mobile,Android,(not set),AuMdmADEIoPXiWpTsBEj,458x732,Chrome,Russia,(not set)
86723,ZpYIoDJMcFzVoPFsHGJL,banner,LEoPHuyFvzoNfnzGgfcd,vCIpmpaGBnIQhyYNkXqp,puhZPIYqKXeFPaUviSjo,mobile,Android,(not set),AuMdmADEIoPXiWpTsBEj,393x873,Chrome,Russia,Moscow
1380672,ZpYIoDJMcFzVoPFsHGJL,banner,gecBYcKZCPMcVYdSSzKP,JNHcPlZPxEMWDnRiyoBf,puhZPIYqKXeFPaUviSjo,mobile,Android,(not set),AuMdmADEIoPXiWpTsBEj,360x800,Chrome,Russia,Krasnodar
1214131,ZpYIoDJMcFzVoPFsHGJL,banner,LEoPHuyFvzoNfnzGgfcd,vCIpmpaGBnIQhyYNkXqp,puhZPIYqKXeFPaUviSjo,mobile,Android,Nokia,mzJXHtJPIOSHoHtgezIA,412x732,Chrome,Russia,Moscow
909153,MvfHsxITijuriZxsqZqt,cpm,FTjNLDyTrXaWYgZymFkV,xhoenQgDQsgfEPYNPwKO,QVwnwuQeEBRKybYuwqrE,mobile,Android,(not set),AuMdmADEIoPXiWpTsBEj,360x760,Chrome,Russia,Saint Petersburg
1183895,ZpYIoDJMcFzVoPFsHGJL,banner,LEoPHuyFvzoNfnzGgfcd,vCIpmpaGBnIQhyYNkXqp,puhZPIYqKXeFPaUviSjo,mobile,Android,(not set),AuMdmADEIoPXiWpTsBEj,385x769,Chrome,Russia,Angarsk
883113,fDLlAcSmythWSCVMvqvL,(none),LTuZkdKfxRGVceoWkVyg,JNHcPlZPxEMWDnRiyoBf,puhZPIYqKXeFPaUviSjo,mobile,Android,Vivo,tfPZFRbtlzEssBEesRwM,360x780,YaBrowser,Russia,Saint Petersburg
1815498,ZpYIoDJMcFzVoPFsHGJL,banner,gecBYcKZCPMcVYdSSzKP,JNHcPlZPxEMWDnRiyoBf,puhZPIYqKXeFPaUviSjo,mobile,Android,(not set),AuMdmADEIoPXiWpTsBEj,385x854,Chrome,Russia,Moscow
98230,ZpYIoDJMcFzVoPFsHGJL,banner,LEoPHuyFvzoNfnzGgfcd,vCIpmpaGBnIQhyYNkXqp,puhZPIYqKXeFPaUviSjo,mobile,Android,(not set),AuMdmADEIoPXiWpTsBEj,384x854,YaBrowser,Russia,Moscow
1083502,ZpYIoDJMcFzVoPFsHGJL,banner,LEoPHuyFvzoNfnzGgfcd,vCIpmpaGBnIQhyYNkXqp,puhZPIYqKXeFPaUviSjo,mobile,Android,(not set),AuMdmADEIoPXiWpTsBEj,424x848,Chrome,Russia,Moscow
1315178,ZpYIoDJMcFzVoPFsHGJL,banner,zxoiLxhuSIFrCeTLQVWZ,JNHcPlZPxEMWDnRiyoBf,puhZPIYqKXeFPaUviSjo,mobile,Android,(not set),AuMdmADEIoPXiWpTsBEj,393x873,Chrome,Russia,Moscow
1572187,eLzNJHzPelJpEyBwMrKo,cpm,FTjNLDyTrXaWYgZymFkV,AdeErYgVTbRcAWtHrMHq,pucKZkLDtpMDBTobJAJG,mobile,Android,Vivo,tfPZFRbtlzEssBEesRwM,360x780,Android Webview,Russia,Saint Petersburg
1337770,ZpYIoDJMcFzVoPFsHGJL,banner,gecBYcKZCPMcVYdSSzKP,JNHcPlZPxEMWDnRiyoBf,puhZPIYqKXeFPaUviSjo,mobile,Android,Vivo,bZGRDuESNKqbvzmxXlpf,360x780,Chrome,Russia,Moscow
1690365,ZpYIoDJMcFzVoPFsHGJL,banner,gecBYcKZCPMcVYdSSzKP,JNHcPlZPxEMWDnRiyoBf,puhZPIYqKXeFPaUviSjo,mobile,Android,(not set),AuMdmADEIoPXiWpTsBEj,384x854,Chrome,Russia,Saint Petersburg
624383,ZpYIoDJMcFzVoPFsHGJL,banner,zxoiLxhuSIFrCeTLQVWZ,JNHcPlZPxEMWDnRiyoBf,puhZPIYqKXeFPaUviSjo,mobile,Android,Vivo,pTgAEPipQxDXCjPrJbHo,360x780,Chrome,Russia,Saint Petersburg
301699,ZpYIoDJMcFzVoPFsHGJL,banner,LEoPHuyFvzoNfnzGgfcd,vCIpmpaGBnIQhyYNkXqp,puhZPIYqKXeFPaUviSjo,mobile,Android,(not set),AuMdmADEIoPXiWpTsBEj,360x800,Chrome,Russia,Kazan
1523742,ZpYIoDJMcFzVoPFsHGJL,banner,LEoPHuyFvzoNfnzGgfcd,JNHcPlZPxEMWDnRiyoBf,puhZPIYqKXeFPaUviSjo,mobile,Android,(not set),AuMdmADEIoPXiWpTsBEj,377x753,Chrome,Russia,Ryazan
137200,ZpYIoDJMcFzVoPFsHGJL,banner,zxoiLxhuSIFrCeTLQVWZ,JNHcPlZPxEMWDnRiyoBf,puhZPIYqKXeFPaUviSjo,mobile,Android,Xiaomi,DzXtLnggNbQSyyFLKlgY,360x800,Chrome,Russia,Samara
27825,ZpYIoDJMcFzVoPFsHGJL,push,sbJRYgVfvcnqKJNDDYIr,JNHcPlZPxEMWDnRiyoBf,puhZPIYqKXeFPaUviSjo,mobile,Android,(not set),AuMdmADEIoPXiWpTsBEj,360x800,Chrome,Russia,Moscow
591601,ZpYIoDJMcFzVoPFsHGJL,banner,LEoPHuyFvzoNfnzGgfcd,vCIpmpaGBnIQhyYNkXqp,puhZPIYqKXeFPaUviSjo,mobile,Android,(not set),AuMdmADEIoPXiWpTsBEj,393x873,Chrome,Russia,Saint Petersburg
1741690,ZpYIoDJMcFzVoPFsHGJL,banner,LEoPHuyFvzoNfnzGgfcd,JNHcPlZPxEMWDnRiyoBf,puhZPIYqKXeFPaUviSjo,mobile,Android,(not set),AuMdmADEIoPXiWpTsBEj,517x881,Chrome,Russia,Azov
487651,ZpYIoDJMcFzVoPFsHGJL,banner,LEoPHuyFvzoNfnzGgfcd,vCIpmpaGBnIQhyYNkXqp,puhZPIYqKXeFPaUviSjo,mobile,Android,(not set),AuMdmADEIoPXiWpTsBEj,384x854,Chrome,Russia,Omsk
933221,ZpYIoDJMcFzVoPFsHGJL,banner,gecBYcKZCPMcVYdSSzKP,JNHcPlZPxEMWDnRiyoBf,puhZPIYqKXeFPaUviSjo,mobile,Android,Vivo,cwMJxNXiWUgMUxGiCTPs,360x760,Chrome,Russia,Kazan
341995,fDLlAcSmythWSCVMvqvL,(none),LTuZkdKfxRGVceoWkVyg,JNHcPlZPxEMWDnRiyoBf,puhZPIYqKXeFPaUviSjo,mobile,Android,(not set),AuMdmADEIoPXiWpTsBEj,360x800,Android Webview,Russia,Moscow
1537293,ZpYIoDJMcFzVoPFsHGJL,banner,LEoPHuyFvzoNfnzGgfcd,vCIpmpaGBnIQhyYNkXqp,puhZPIYqKXeFPaUviSjo,mobile,Android,Vivo,cwMJxNXiWUgMUxGiCTPs,360x760,Chrome,Russia,Norilsk
757777,ZpYIoDJMcFzVoPFsHGJL,smartbanner,jqlUOdZBNZYfInQVcZlS,SAVVWaMghGnnvPOqMOIt,puhZPIYqKXeFPaUviSjo,mobile,Android,(not set),AuMdmADEIoPXiWpTsBEj,384x854,Chrome,Russia,Moscow
615942,MvfHsxITijuriZxsqZqt,cpm,FTjNLDyTrXaWYgZymFkV,xhoenQgDQsgfEPYNPwKO,pHqgLcdBQPSLcrTpLkdr,mobile,Android,Vivo,cwMJxNXiWUgMUxGiCTPs,360x760,Chrome,Russia,Saint Petersburg
743231,ZpYIoDJMcFzVoPFsHGJL,banner,LEoPHuyFvzoNfnzGgfcd,JNHcPlZPxEMWDnRiyoBf,puhZPIYqKXeFPaUviSjo,mobile,Android,Vivo,FJApgTrMAGHoxCxQVKws,360x772,Chrome,Russia,Tula
244092,ZpYIoDJMcFzVoPFsHGJL,banner,LEoPHuyFvzoNfnzGgfcd,JNHcPlZPxEMWDnRiyoBf,puhZPIYqKXeFPaUviSjo,mobile,Android,(not set),AuMdmADEIoPXiWpTsBEj,360x800,Chrome,Russia,Kazan
1280962,ZpYIoDJMcFzVoPFsHGJL,banner,LEoPHuyFvzoNfnzGgfcd,vCIpmpaGBnIQhyYNkXqp,puhZPIYqKXeFPaUviSjo,mobile,Android,(not set),AuMdmADEIoPXiWpTsBEj,393x873,Chrome,Russia,Yekaterinburg
244758,ZpYIoDJMcFzVoPFsHGJL,banner,SgIUDYUKnyWHVowUOqid,JNHcPlZPxEMWDnRiyoBf,puhZPIYqKXeFPaUviSjo,mobile,Android,(not set),AuMdmADEIoPXiWpTsBEj,384x854,Chrome,Russia,Ruza
569233,kjsLglQLzykiRbcDiGcD,cpc,WlbWUObZWvsimzdFdLYw,JNHcPlZPxEMWDnRiyoBf,tzIeQUUHahhBuEkJqDVp,mobile,Android,(not set),AuMdmADEIoPXiWpTsBEj,320x640,Chrome,Russia,Yaroslavl
1313906,ZpYIoDJMcFzVoPFsHGJL,banner,LEoPHuyFvzoNfnzGgfcd,vCIpmpaGBnIQhyYNkXqp,puhZPIYqKXeFPaUviSjo,mobile,Android,Nokia,jXFxTkHxuiBKWOvUtsIa,320x712,Chrome,Russia,Krasnoyarsk
1797920,ZpYIoDJMcFzVoPFsHGJL,banner,gecBYcKZCPMcVYdSSzKP,JNHcPlZPxEMWDnRiyoBf,puhZPIYqKXeFPaUviSjo,mobile,Android,Vivo,tWBQlsvNfHxRUjaPAfhd,360x772,Chrome,Russia,Moscow
1027061,oCqKpnSZJeYOVZTgTmKR,cpc,QdLfySaGXolfTBSNVfHn,SOkCdPxfUcZUzzOdgGES,puhZPIYqKXeFPaUviSjo,mobile,Android,Meizu,zjEebiuHyqSWFKMwbgwQ,360x640,Chrome,Russia,Moscow
233426,MvfHsxITijuriZxsqZqt,cpm,FTjNLDyTrXaWYgZymFkV,xhoenQgDQsgfEPYNPwKO,IGUCNvHlhfHpROGclCit,mobile,Android,Vivo,cwMJxNXiWUgMUxGiCTPs,360x760,Chrome,Russia,Moscow
1359942,ZpYIoDJMcFzVoPFsHGJL,banner,TmThBvoCcwkCZZUWACYq,JNHcPlZPxEMWDnRiyoBf,puhZPIYqKXeFPaUviSjo,mobile,Android,(not set),AuMdmADEIoPXiWpTsBEj,377x753,Chrome,Russia,Novosibirsk
1314952,ZpYIoDJMcFzVoPFsHGJL,banner,LEoPHuyFvzoNfnzGgfcd,vCIpmpaGBnIQhyYNkXqp,puhZPIYqKXeFPaUviSjo,mobile,Android,(not set),AuMdmADEIoPXiWpTsBEj,360x640,Chrome,Russia,Astrakhan
1207804,ZpYIoDJMcFzVoPFsHGJL,banner,LEoPHuyFvzoNfnzGgfcd,vCIpmpaGBnIQhyYNkXqp,puhZPIYqKXeFPaUviSjo,mobile,Android,Vivo,tWBQlsvNfHxRUjaPAfhd,360x772,Chrome,Russia,Yekaterinburg
599684,ZpYIoDJMcFzVoPFsHGJL,banner,gecBYcKZCPMcVYdSSzKP,JNHcPlZPxEMWDnRiyoBf,puhZPIYqKXeFPaUviSjo,mobile,Android,(not set),AuMdmADEIoPXiWpTsBEj,360x820,Chrome,Russia,Saint Petersburg
444503,kjsLglQLzykiRbcDiGcD,organic,LTuZkdKfxRGVceoWkVyg,JNHcPlZPxEMWDnRiyoBf,UKNBOHebRIIsQRsjNKay,mobile,Android,Motorola,WjsFbaSQmnGghVzNcrpJ,412x869,Chrome,Russia,Moscow
762051,ZpYIoDJMcFzVoPFsHGJL,banner,zxoiLxhuSIFrCeTLQVWZ,JNHcPlZPxEMWDnRiyoBf,puhZPIYqKXeFPaUviSjo,mobile,Android,Vivo,pcvPxfVFaAmhwFmvIeYd,360x780,Chrome,Russia,Moscow
54346,ZpYIoDJMcFzVoPFsHGJL,push,sbJRYgVfvcnqKJNDDYIr,JNHcPlZPxEMWDnRiyoBf,puhZPIYqKXeFPaUviSjo,mobile,Android,(not set),AuMdmADEIoPXiWpTsBEj,393x873,Chrome,Russia,Saint Petersburg
1355293,ZpYIoDJMcFzVoPFsHGJL,banner,SgIUDYUKnyWHVowUOqid,JNHcPlZPxEMWDnRiyoBf,puhZPIYqKXeFPaUviSjo,mobile,Android,(not set),AuMdmADEIoPXiWpTsBEj,360x760,Opera,Russia,Vladivostok
1705009,ZpYIoDJMcFzVoPFsHGJL,banner,LEoPHuyFvzoNfnzGgfcd,vCIpmpaGBnIQhyYNkXqp,puhZPIYqKXeFPaUviSjo,mobile,Android,(not set),AuMdmADEIoPXiWpTsBEj,393x873,Chrome,Russia,Krasnoyarsk
919999,ZpYIoDJMcFzVoPFsHGJL,smartbanner,jqlUOdZBNZYfInQVcZlS,EteMoEECGsaJeMnuvAZD,puhZPIYqKXeFPaUviSjo,mobile,Android,Meizu,ciZAODXEPQGDKvuEabGr,360x720,Chrome,Russia,Saint Petersburg
879501,ZpYIoDJMcFzVoPFsHGJL,banner,LEoPHuyFvzoNfnzGgfcd,vCIpmpaGBnIQhyYNkXqp,puhZPIYqKXeFPaUviSjo,mobile,Android,Vivo,bZGRDuESNKqbvzmxXlpf,360x780,Chrome,Russia,Moscow
983874,ZpYIoDJMcFzVoPFsHGJL,banner,LEoPHuyFvzoNfnzGgfcd,vCIpmpaGBnIQhyYNkXqp,puhZPIYqKXeFPaUviSjo,mobile,Android,(not set),AuMdmADEIoPXiWpTsBEj,360x780,Chrome,Russia,Perm
702336,ZpYIoDJMcFzVoPFsHGJL,banner,LEoPHuyFvzoNfnzGgfcd,vCIpmpaGBnIQhyYNkXqp,puhZPIYqKXeFPaUviSjo,mobile,Android,(not set),AuMdmADEIoPXiWpTsBEj,320x640,Chrome,Russia,Rostov-on-Don
1471249,ZpYIoDJMcFzVoPFsHGJL,banner,LEoPHuyFvzoNfnzGgfcd,vCIpmpaGBnIQhyYNkXqp,puhZPIYqKXeFPaUviSjo,mobile,Android,Nokia,FTAuYVNoYYxgvKMpKSLW,360x760,Chrome,Ukraine,Sorokyne
589034,ZpYIoDJMcFzVoPFsHGJL,banner,LEoPHuyFvzoNfnzGgfcd,vCIpmpaGBnIQhyYNkXqp,puhZPIYqKXeFPaUviSjo,mobile,Android,Vivo,pTgAEPipQxDXCjPrJbHo,360x780,Chrome,Russia,Tula
1465884,ZpYIoDJMcFzVoPFsHGJL,banner,LEoPHuyFvzoNfnzGgfcd,JNHcPlZPxEMWDnRiyoBf,puhZPIYqKXeFPaUviSjo,mobile,Android,Vivo,pcvPxfVFaAmhwFmvIeYd,360x780,Chrome,Russia,Samara
47778,ZpYIoDJMcFzVoPFsHGJL,banner,LEoPHuyFvzoNfnzGgfcd,JNHcPlZPxEMWDnRiyoBf,puhZPIYqKXeFPaUviSjo,mobile,Android,Vivo,FJApgTrMAGHoxCxQVKws,360x772,Chrome,Russia,Moscow
547008,ZpYIoDJMcFzVoPFsHGJL,banner,LEoPHuyFvzoNfnzGgfcd,vCIpmpaGBnIQhyYNkXqp,puhZPIYqKXeFPaUviSjo,mobile,Android,(not set),AuMdmADEIoPXiWpTsBEj,320x640,Chrome,Russia,Ufa
252553,jaSOmLICuBzCFqHfBdRg,email,bxOTvPtyGSdUrbwoXCPO,JNHcPlZPxEMWDnRiyoBf,puhZPIYqKXeFPaUviSjo,mobile,Android,(not set),AuMdmADEIoPXiWpTsBEj,451x722,Chrome,Russia,Zheleznodorozhny
186868,ZpYIoDJMcFzVoPFsHGJL,banner,gecBYcKZCPMcVYdSSzKP,JNHcPlZPxEMWDnRiyoBf,puhZPIYqKXeFPaUviSjo,mobile,Android,(not set),AuMdmADEIoPXiWpTsBEj,360x800,Chrome,Russia,Krasnodar
1099202,ZpYIoDJMcFzVoPFsHGJL,banner,LEoPHuyFvzoNfnzGgfcd,JNHcPlZPxEMWDnRiyoBf,puhZPIYqKXeFPaUviSjo,mobile,Android,(not set),AuMdmADEIoPXiWpTsBEj,320x640,Chrome,Russia,Rostov-on-Don
488808,ZpYIoDJMcFzVoPFsHGJL,banner,LEoPHuyFvzoNfnzGgfcd,vCIpmpaGBnIQhyYNkXqp,puhZPIYqKXeFPaUviSjo,mobile,Android,Nokia,WYZTTdhWPjttFYmcGjBP,412x915,Chrome,Russia,Novorossiysk
1353089,kjsLglQLzykiRbcDiGcD,organic,LTuZkdKfxRGVceoWkVyg,JNHcPlZPxEMWDnRiyoBf,UKNBOHebRIIsQRsjNKay,mobile,Android,Nokia,jXFxTkHxuiBKWOvUtsIa,412x915,Chrome,Russia,Yaroslavl
919182,ZpYIoDJMcFzVoPFsHGJL,smartbanner,jqlUOdZBNZYfInQVcZlS,SAVVWaMghGnnvPOqMOIt,puhZPIYqKXeFPaUviSjo,mobile,Android,Vivo,tWBQlsvNfHxRUjaPAfhd,360x772,Chrome,Russia,Moscow
652064,ZpYIoDJMcFzVoPFsHGJL,banner,TmThBvoCcwkCZZUWACYq,JNHcPlZPxEMWDnRiyoBf,puhZPIYqKXeFPaUviSjo,mobile,Android,(not set),AuMdmADEIoPXiWpTsBEj,360x800,Chrome,Russia,Voronezh
1208401,MvfHsxITijuriZxsqZqt,cpm,FTjNLDyTrXaWYgZymFkV,xhoenQgDQsgfEPYNPwKO,pHqgLcdBQPSLcrTpLkdr,mobile,Android,Vivo,pTgAEPipQxDXCjPrJbHo,360x780,Chrome,Russia,Kotelniki
1811231,ZpYIoDJMcFzVoPFsHGJL,banner,LEoPHuyFvzoNfnzGgfcd,vCIpmpaGBnIQhyYNkXqp,puhZPIYqKXeFPaUviSjo,mobile,Android,(not set),AuMdmADEIoPXiWpTsBEj,391x782,Chrome,Russia,Irkutsk
1290343,ZpYIoDJMcFzVoPFsHGJL,banner,LEoPHuyFvzoNfnzGgfcd,vCIpmpaGBnIQhyYNkXqp,puhZPIYqKXeFPaUviSjo,mobile,Android,(not set),AuMdmADEIoPXiWpTsBEj,393x873,Chrome,Russia,Astrakhan
338899,ZpYIoDJMcFzVoPFsHGJL,banner,LEoPHuyFvzoNfnzGgfcd,vCIpmpaGBnIQhyYNkXqp,puhZPIYqKXeFPaUviSjo,mobile,Android,(not set),AuMdmADEIoPXiWpTsBEj,385x854,Chrome,Russia,Tula
227650,ZpYIoDJMcFzVoPFsHGJL,banner,LEoPHuyFvzoNfnzGgfcd,vCIpmpaGBnIQhyYNkXqp,puhZPIYqKXeFPaUviSjo,mobile,Android,(not set),AuMdmADEIoPXiWpTsBEj,393x873,Chrome,Russia,Saint Petersburg
1198717,fDLlAcSmythWSCVMvqvL,(none),LTuZkdKfxRGVceoWkVyg,JNHcPlZPxEMWDnRiyoBf,puhZPIYqKXeFPaUviSjo,mobile,Android,Vivo,uHXfMzLHbndcYLwKJMPV,360x760,YaBrowser,Russia,Moscow
1338631,ZpYIoDJMcFzVoPFsHGJL,banner,LEoPHuyFvzoNfnzGgfcd,vCIpmpaGBnIQhyYNkXqp,puhZPIYqKXeFPaUviSjo,mobile,Android,(not set),AuMdmADEIoPXiWpTsBEj,393x873,Chrome,Russia,Bryansk
1567333,ZpYIoDJMcFzVoPFsHGJL,banner,gecBYcKZCPMcVYdSSzKP,JNHcPlZPxEMWDnRiyoBf,puhZPIYqKXeFPaUviSjo,mobile,Android,Vivo,tfPZFRbtlzEssBEesRwM,360x780,Chrome,Russia,Yekaterinburg
1082396,MvfHsxITijuriZxsqZqt,cpm,FTjNLDyTrXaWYgZymFkV,xhoenQgDQsgfEPYNPwKO,PVFXnspnruelCtUpjRiI,mobile,Android,(not set),AuMdmADEIoPXiWpTsBEj,393x873,Chrome,Russia,Moscow
978946,bByPQxmDaMXgpHeypKSM,referral,LTuZkdKfxRGVceoWkVyg,JNHcPlZPxEMWDnRiyoBf,puhZPIYqKXeFPaUviSjo,mobile,Android,Vivo,tWBQlsvNfHxRUjaPAfhd,360x772,Android Webview,Russia,Tyumen
1662808,ZpYIoDJMcFzVoPFsHGJL,banner,LEoPHuyFvzoNfnzGgfcd,vCIpmpaGBnIQhyYNkXqp,puhZPIYqKXeFPaUviSjo,mobile,Android,(not set),AuMdmADEIoPXiWpTsBEj,384x854,YaBrowser,Russia,Ufa
241651,eLzNJHzPelJpEyBwMrKo,cpm,FTjNLDyTrXaWYgZymFkV,AdeErYgVTbRcAWtHrMHq,pucKZkLDtpMDBTobJAJG,mobile,Android,(not set),AuMdmADEIoPXiWpTsBEj,393x873,Android Webview,Russia,Moscow
1728974,ZpYIoDJMcFzVoPFsHGJL,banner,LEoPHuyFvzoNfnzGgfcd,vCIpmpaGBnIQhyYNkXqp,puhZPIYqKXeFPaUviSjo,mobile,Android,(not set),AuMdmADEIoPXiWpTsBEj,393x873,Chrome,Russia,Shchyolkovo
182362,ZpYIoDJMcFzVoPFsHGJL,banner,LEoPHuyFvzoNfnzGgfcd,vCIpmpaGBnIQhyYNkXqp,puhZPIYqKXeFPaUviSjo,mobile,Android,(not set),AuMdmADEIoPXiWpTsBEj,385x769,Chrome,Russia,Kazan
1805152,ZpYIoDJMcFzVoPFsHGJL,banner,LEoPHuyFvzoNfnzGgfcd,vCIpmpaGBnIQhyYNkXqp,puhZPIYqKXeFPaUviSjo,mobile,Android,(not set),AuMdmADEIoPXiWpTsBEj,360x800,Chrome,Russia,Tula
1031707,MvfHsxITijuriZxsqZqt,cpm,FTjNLDyTrXaWYgZymFkV,xhoenQgDQsgfEPYNPwKO,DBHgBJHOdbPwsRDUbEgX,mobile,Android,Vivo,tWBQlsvNfHxRUjaPAfhd,360x772,Chrome,Russia,Moscow
887297,ZpYIoDJMcFzVoPFsHGJL,banner,TmThBvoCcwkCZZUWACYq,JNHcPlZPxEMWDnRiyoBf,puhZPIYqKXeFPaUviSjo,mobile,Android,Xiaomi,DzXtLnggNbQSyyFLKlgY,360x800,Chrome,Russia,Krasnodar
420948,aXQzDWsJuGXeBXexNHjc,referral,LTuZkdKfxRGVceoWkVyg,JNHcPlZPxEMWDnRiyoBf,puhZPIYqKXeFPaUviSjo,mobile,Android,(not set),AuMdmADEIoPXiWpTsBEj,360x800,Opera,Russia,Moscow
794378,MvfHsxITijuriZxsqZqt,cpm,FTjNLDyTrXaWYgZymFkV,xhoenQgDQsgfEPYNPwKO,DBHgBJHOdbPwsRDUbEgX,mobile,Android,Vivo,tWBQlsvNfHxRUjaPAfhd,360x772,Chrome,Russia,Moscow
339325,ZpYIoDJMcFzVoPFsHGJL,push,sbJRYgVfvcnqKJNDDYIr,JNHcPlZPxEMWDnRiyoBf,puhZPIYqKXeFPaUviSjo,mobile,Android,(not set),AuMdmADEIoPXiWpTsBEj,393x873,Chrome,Russia,Moscow
592516,ZpYIoDJMcFzVoPFsHGJL,banner,LEoPHuyFvzoNfnzGgfcd,vCIpmpaGBnIQhyYNkXqp,puhZPIYqKXeFPaUviSjo,mobile,Android,(not set),AuMdmADEIoPXiWpTsBEj,393x873,Chrome,Russia,Ufa
771766,MvfHsxITijuriZxsqZqt,cpm,FTjNLDyTrXaWYgZymFkV,xhoenQgDQsgfEPYNPwKO,TzXEvSoFiirteePaCzeY,mobile,Android,(not set),AuMdmADEIoPXiWpTsBEj,360x720,Chrome,Russia,Moscow
812539,ZpYIoDJMcFzVoPFsHGJL,banner,LEoPHuyFvzoNfnzGgfcd,vCIpmpaGBnIQhyYNkXqp,puhZPIYqKXeFPaUviSjo,mobile,Android,Nokia,IiVVIXFnNMwpBtuHILvS,320x640,Chrome,Russia,Yekaterinburg
784144,ZpYIoDJMcFzVoPFsHGJL,banner,LEoPHuyFvzoNfnzGgfcd,JNHcPlZPxEMWDnRiyoBf,puhZPIYqKXeFPaUviSjo,mobile,Android,(not set),AuMdmADEIoPXiWpTsBEj,412x915,Chrome,Russia,Kazan
1351216,ZpYIoDJMcFzVoPFsHGJL,banner,gecBYcKZCPMcVYdSSzKP,JNHcPlZPxEMWDnRiyoBf,puhZPIYqKXeFPaUviSjo,mobile,Android,Xiaomi,DzXtLnggNbQSyyFLKlgY,360x800,Chrome,Russia,Nizhny Novgorod
686960,ZpYIoDJMcFzVoPFsHGJL,banner,LEoPHuyFvzoNfnzGgfcd,vCIpmpaGBnIQhyYNkXqp,puhZPIYqKXeFPaUviSjo,mobile,Android,(not set),AuMdmADEIoPXiWpTsBEj,360x720,Chrome,Russia,Samara
78244,ZpYIoDJMcFzVoPFsHGJL,banner,LEoPHuyFvzoNfnzGgfcd,JNHcPlZPxEMWDnRiyoBf,puhZPIYqKXeFPaUviSjo,mobile,Android,Nokia,CwplVZElsIzdKfSTHwma,346x692,Chrome,Russia,Chelyabinsk
1385549,ZpYIoDJMcFzVoPFsHGJL,banner,LEoPHuyFvzoNfnzGgfcd,vCIpmpaGBnIQhyYNkXqp,puhZPIYqKXeFPaUviSjo,mobile,Android,Vivo,pTgAEPipQxDXCjPrJbHo,360x780,Chrome,Russia,Saint Petersburg
535293,ZpYIoDJMcFzVoPFsHGJL,banner,LEoPHuyFvzoNfnzGgfcd,vCIpmpaGBnIQhyYNkXqp,puhZPIYqKXeFPaUviSjo,mobile,Android,(not set),AuMdmADEIoPXiWpTsBEj,320x569,Chrome,Russia,Moscow
